{"_default": {"1": {"userid": 106073508081106944, "wallet": 0.039648075012530315}, "2": {"userid": 213439804761833472, "wallet": 0.039648075012530315}, "3": {"userid": 234395307759108106, "wallet": 0.039648075012530315}, "4": {"userid": 236323016617754636, "wallet": 0.039648075012530315}, "5": {"userid": 236652192717602816, "wallet": 0.032023943589899954}}}