{"_default": {"1": {"userid": 106073508081106944, "wallet": 11.49545530775479}, "2": {"userid": 213439804761833472, "wallet": 2.7293661583702056}, "3": {"userid": 236323016617754636, "wallet": 13.056044485325128}, "4": {"userid": 236652192717602816, "wallet": 0.024388911881159926}, "5": {"userid": 234395307759108106, "wallet": 2.302808894610691}, "6": {"userid": 235798511310864385, "wallet": 0.35661361990359935}, "7": {"userid": 125044047730442241, "wallet": 0.5652673478370073}, "8": {"userid": 607130094669922314, "wallet": 0.05468986724380032}, "9": {"userid": 219302725832146944, "wallet": 0.009870175169302787}, "10": {"userid": 256234834400247818, "wallet": 0.00807559786579319}, "11": {"userid": 238153428583448577, "wallet": 0.02219938351017952}, "12": {"userid": 256491201572634624, "wallet": 0.06986276575262267}}}